{"cameraMode":{"drawMode":0,"name":"Shaded","section":"Shading Mode"},"sceneLighting":false,"audioPlay":false,"sceneViewState":{"m_AlwaysRefresh":false,"showFog":true,"showSkybox":false,"showFlares":true,"showImageEffects":true,"showParticleSystems":true,"showVisualEffectGraphs":true,"m_FxEnabled":true},"in2DMode":false,"pivot":{"x":-0.028312861919403077,"y":0.7536729574203491,"z":1.1500002145767213},"rotation":{"x":-0.22379127144813538,"y":0.15688708424568177,"z":-0.03637838736176491,"w":-0.9617201089859009},"size":1.2746481895446778,"orthographic":false}