{"cameraMode":{"drawMode":0,"name":"Shaded","section":"Shading Mode"},"sceneLighting":true,"audioPlay":false,"sceneViewState":{"m_AlwaysRefresh":false,"showFog":true,"showSkybox":true,"showFlares":true,"showImageEffects":true,"showParticleSystems":true,"showVisualEffectGraphs":true,"m_FxEnabled":true},"in2DMode":false,"pivot":{"x":-0.0417475700378418,"y":3.8342177867889406,"z":15.66934585571289},"rotation":{"x":-0.011628200300037861,"y":0.6848227381706238,"z":-0.010427291505038739,"w":-0.7290809750556946},"size":1.6009495258331299,"orthographic":false}