{"cameraMode":{"drawMode":0,"name":"Shaded","section":"Shading Mode"},"sceneLighting":false,"audioPlay":false,"sceneViewState":{"m_AlwaysRefresh":false,"showFog":true,"showSkybox":false,"showFlares":true,"showImageEffects":true,"showParticleSystems":true,"showVisualEffectGraphs":true,"m_FxEnabled":true},"in2DMode":false,"pivot":{"x":-0.06000000238418579,"y":0.3199999928474426,"z":8.680000305175782},"rotation":{"x":-0.30351367592811587,"y":0.5023289918899536,"z":-0.19363060593605042,"w":-0.7867463827133179},"size":0.8660463690757752,"orthographic":false}